"username";"taskname";"engineType";"searchquery";"datetimestart";"datetimefinish"
"abdulkhaliq";"Physical-Design";\N;"55";"2020-11-30 20:38:52";"2020-11-30 21:03:14"
"abdulkhaliq";"Physical-Design";\N;"56";"2020-11-30 20:38:52";"2020-11-30 21:03:14"
"abdulkhaliq";"Physical-Design";\N;"57";"2020-11-30 20:38:52";"2020-11-30 21:03:14"
"abdulkhaliq";"JSON-Search";\N;"35";"2020-11-30 18:54:51";"2020-11-30 20:38:53"
"abdulkhaliq";"JSON-Search";\N;"44";"2020-11-30 18:54:51";"2020-11-30 20:38:53"
"abdulkhaliq";"JSON-Search";\N;"51";"2020-11-30 18:54:51";"2020-11-30 20:38:53"
"abdulkhaliq";"Messaging-Evaluation";\N;"29";"2020-11-30 16:16:27";"2020-11-30 16:32:21"
"abdulkhaliq";"Messaging-Evaluation";\N;"30";"2020-11-30 16:32:28";"2020-11-30 18:54:51"
"abdulkhaliq";"Messaging-Evaluation";\N;"31";"2020-11-30 16:32:28";"2020-11-30 18:54:51"
"abdullah";"Big-Data-Stream-Evaluation";\N;"222";"2020-12-01 12:25:05";"2020-12-01 13:26:39"
"abdullah";"Big-Data-Stream-Evaluation";\N;"627";"2020-12-05 18:12:29";"2020-12-05 18:57:30"
"abdullah";"Big-Data-Stream-Evaluation";\N;"646";"2020-12-05 18:57:54";"2020-12-05 21:30:04"
"abdullah";"Conceptual-Design";\N;"684";"2020-12-05 22:05:53";"2020-12-05 22:47:41"
"abdullah";"Conceptual-Design";\N;"686";"2020-12-05 22:05:53";"2020-12-05 22:47:41"
"abdullah";"Conceptual-Design";\N;"689";"2020-12-05 22:05:53";"2020-12-05 22:47:41"
"abdullah";"JSON-Search";\N;"679";"2020-12-05 21:30:04";"2020-12-05 22:05:53"
"abdullah";"JSON-Search";\N;"680";"2020-12-05 21:30:04";"2020-12-05 22:05:53"
"abdullah";"JSON-Search";\N;"683";"2020-12-05 21:30:04";"2020-12-05 22:05:53"
"arora";"Big-Data-Stream-Evaluation";\N;"218";"2020-12-01 12:19:47";"2020-12-03 13:35:00"
"arora";"Big-Data-Stream-Evaluation";\N;"394";"2020-12-03 13:35:28";"2020-12-03 14:36:35"
"arora";"Big-Data-Stream-Evaluation";\N;"608";"2020-12-05 10:06:11";"2020-12-05 11:40:43"
"arora";"Big-Data-Stream-Evaluation";\N;"622";"2020-12-05 17:01:22";"2020-12-05 17:48:57"
"arora";"Conceptual-Design";\N;"720";"2020-12-06 05:40:03";\N
"arora";"Conceptual-Design";\N;"732";"2020-12-06 06:49:28";\N
"arora";"Conceptual-Design";\N;"737";"2020-12-06 06:49:28";\N
"arora";"Conceptual-Design";\N;"742";"2020-12-06 06:49:28";\N
"arora";"JSON-Search";\N;"624";"2020-12-05 17:48:57";"2020-12-05 18:59:16"
"arora";"JSON-Search";\N;"629";"2020-12-05 17:48:57";"2020-12-05 18:59:16"
"arora";"JSON-Search";\N;"631";"2020-12-05 17:48:57";"2020-12-05 18:59:16"
"awale";"Conceptual-Design";\N;"541";"2020-12-04 20:59:11";"2020-12-04 22:12:59"
"awale";"Conceptual-Design";\N;"548";"2020-12-04 20:59:11";"2020-12-04 22:12:59"
"awale";"Conceptual-Design";\N;"552";"2020-12-04 20:59:11";"2020-12-04 22:12:59"
"awale";"Conceptual-Design";\N;"556";"2020-12-04 20:59:11";"2020-12-04 22:12:59"
"awale";"JSON-Search";\N;"562";"2020-12-04 22:12:59";"2020-12-04 22:58:42"
"awale";"JSON-Search";\N;"568";"2020-12-04 22:12:59";"2020-12-04 22:58:42"
"awale";"JSON-Search";\N;"575";"2020-12-04 22:12:59";"2020-12-04 22:58:42"
"awale";"JSON-Search";\N;"576";"2020-12-04 22:12:59";"2020-12-04 22:58:42"
"awale";"Messaging-Evaluation";\N;"580";"2020-12-04 22:58:41";"2020-12-04 23:36:07"
"awale";"Messaging-Evaluation";\N;"581";"2020-12-04 22:58:41";"2020-12-04 23:36:07"
"awale";"Messaging-Evaluation";\N;"582";"2020-12-04 22:58:41";"2020-12-04 23:36:07"
"baatz";"Physical-Design";\N;"213";"2020-12-01 12:31:53";"2020-12-06 18:47:33"
"baatz";"Physical-Design";\N;"395";"2020-12-01 12:31:53";"2020-12-06 18:47:33"
"baatz";"Physical-Design";\N;"925";"2020-12-01 12:31:53";"2020-12-06 18:47:33"
"baatz";"Big-Data-Stream-Evaluation";\N;"957";"2020-12-06 19:18:51";\N
"baatz";"Big-Data-Stream-Evaluation";\N;"964";"2020-12-06 19:18:51";\N
"baatz";"Big-Data-Stream-Evaluation";\N;"966";"2020-12-06 19:18:51";\N
"baatz";"Middleware-Search";\N;"942";"2020-12-06 18:47:33";"2020-12-06 19:18:50"
"baatz";"Middleware-Search";\N;"944";"2020-12-06 18:47:33";"2020-12-06 19:18:50"
"baatz";"Middleware-Search";\N;"946";"2020-12-06 18:47:33";"2020-12-06 19:18:50"
"baatz";"Middleware-Search";\N;"950";"2020-12-06 18:47:33";"2020-12-06 19:18:50"
"bengtson";"Physical-Design";\N;"914";"2020-12-06 18:06:52";"2020-12-06 18:47:34"
"bengtson";"Physical-Design";\N;"920";"2020-12-06 18:06:52";"2020-12-06 18:47:34"
"bengtson";"Physical-Design";\N;"926";"2020-12-06 18:06:52";"2020-12-06 18:47:34"
"bengtson";"Physical-Design";\N;"930";"2020-12-06 18:06:52";"2020-12-06 18:47:34"
"bengtson";"Physical-Design";\N;"937";"2020-12-06 18:06:52";"2020-12-06 18:47:34"
"bengtson";"Big-Data-Stream-Evaluation";\N;"162";"2020-12-01 12:07:40";"2020-12-01 14:56:29"
"bengtson";"Big-Data-Stream-Evaluation";\N;"194";"2020-12-01 12:07:40";"2020-12-01 14:56:29"
"bengtson";"Big-Data-Stream-Evaluation";\N;"758";"2020-12-06 10:15:11";"2020-12-06 11:09:22"
"bengtson";"Big-Data-Stream-Evaluation";\N;"759";"2020-12-06 10:15:11";"2020-12-06 11:09:22"
"bengtson";"Big-Data-Stream-Evaluation";\N;"765";"2020-12-06 10:15:11";"2020-12-06 11:09:22"
"bengtson";"Big-Data-Stream-Evaluation";\N;"768";"2020-12-06 10:15:11";"2020-12-06 11:09:22"
"bengtson";"Big-Data-Stream-Evaluation";\N;"771";"2020-12-06 10:15:11";"2020-12-06 11:09:22"
"bengtson";"Middleware-Search";\N;"781";"2020-12-06 11:09:22";\N
"bengtson";"Middleware-Search";\N;"782";"2020-12-06 11:09:22";\N
"bengtson";"Middleware-Search";\N;"783";"2020-12-06 11:09:22";\N
"bengtson";"Middleware-Search";\N;"790";"2020-12-06 11:56:10";"2020-12-06 12:17:07"
"bengtson";"Middleware-Search";\N;"795";"2020-12-06 11:56:10";"2020-12-06 12:17:07"
"bengtson";"Middleware-Search";\N;"797";"2020-12-06 11:56:10";"2020-12-06 12:17:07"
"bengtson";"Middleware-Search";\N;"804";"2020-12-06 11:56:10";"2020-12-06 12:17:07"
"bolduan";"Conceptual-Design";\N;"661";"2020-12-05 19:20:50";"2020-12-05 19:52:41"
"bolduan";"Conceptual-Design";\N;"663";"2020-12-05 19:20:50";"2020-12-05 19:52:41"
"bolduan";"Conceptual-Design";\N;"664";"2020-12-05 19:20:50";"2020-12-05 19:52:41"
"bolduan";"Middleware-Search";\N;"640";"2020-12-05 18:54:13";"2020-12-05 19:20:50"
"bolduan";"Middleware-Search";\N;"651";"2020-12-05 18:54:13";"2020-12-05 19:20:50"
"bolduan";"Middleware-Search";\N;"657";"2020-12-05 18:54:13";"2020-12-05 19:20:50"
"bolduan";"Messaging-Evaluation";\N;"87";"2020-12-01 08:21:07";"2020-12-01 08:36:43"
"bolduan";"Messaging-Evaluation";\N;"625";"2020-12-05 18:10:27";"2020-12-05 18:54:13"
"bolduan";"Messaging-Evaluation";\N;"632";"2020-12-05 18:10:27";"2020-12-05 18:54:13"
"bolduan";"Messaging-Evaluation";\N;"634";"2020-12-05 18:10:27";"2020-12-05 18:54:13"
"brauner";"Physical-Design";\N;"143";"2020-12-01 11:48:22";"2020-12-01 12:50:00"
"brauner";"Physical-Design";\N;"181";"2020-12-01 11:48:22";"2020-12-01 12:50:00"
"brauner";"Middleware-Search";\N;"598";"2020-12-01 12:49:30";\N
"brauner";"Middleware-Search";\N;"600";"2020-12-01 12:49:30";\N
"brauner";"Middleware-Search";\N;"603";"2020-12-01 12:49:30";\N
"brauner";"Messaging-Evaluation";\N;"609";"2020-12-05 10:05:38";\N
"brauner";"Messaging-Evaluation";\N;"610";"2020-12-05 10:05:38";\N
"brauner";"Messaging-Evaluation";\N;"611";"2020-12-05 10:05:38";\N
"buck";"JSON-Search";\N;"70";"2020-12-01 08:07:36";"2020-12-01 11:17:20"
"buck";"JSON-Search";\N;"89";"2020-12-01 08:07:36";"2020-12-01 11:17:20"
"buck";"JSON-Search";\N;"108";"2020-12-01 08:07:36";"2020-12-01 11:17:20"
"buck";"JSON-Search";\N;"113";"2020-12-01 08:07:36";"2020-12-01 11:17:20"
"burkhardt";"Middleware-Search";\N;"71";"2020-12-01 08:13:37";"2020-12-04 13:42:31"
"burkhardt";"Middleware-Search";\N;"93";"2020-12-01 08:13:37";"2020-12-04 13:42:31"
"burkhardt";"Messaging-Evaluation";\N;"502";"2020-12-04 13:42:32";\N
"burkhardt";"Messaging-Evaluation";\N;"509";"2020-12-04 13:42:32";\N
"burkhardt";"Messaging-Evaluation";\N;"511";"2020-12-04 13:42:32";\N
"burkhardt";"Messaging-Evaluation";\N;"512";"2020-12-04 13:42:32";\N
"burkhardt";"Messaging-Evaluation";\N;"514";"2020-12-04 13:42:32";\N
"burkhardt";"Messaging-Evaluation";\N;"515";"2020-12-04 13:42:32";\N
"carstensen";"Physical-Design";\N;"172";"2020-12-01 12:14:13";"2020-12-01 15:42:59"
"carstensen";"Physical-Design";\N;"293";"2020-12-01 12:14:13";"2020-12-01 15:42:59"
"carstensen";"Physical-Design";\N;"295";"2020-12-01 12:14:13";"2020-12-01 15:42:59"
"carstensen";"Physical-Design";\N;"297";"2020-12-01 12:14:13";"2020-12-01 15:42:59"
"carstensen";"JSON-Search";\N;"313";"2020-12-01 16:52:01";"2020-12-01 17:26:04"
"carstensen";"JSON-Search";\N;"316";"2020-12-01 16:52:01";"2020-12-01 17:26:04"
"carstensen";"JSON-Search";\N;"317";"2020-12-01 16:52:01";"2020-12-01 17:26:04"
"carstensen";"Messaging-Evaluation";\N;"302";"2020-12-01 15:42:59";"2020-12-01 16:52:01"
"carstensen";"Messaging-Evaluation";\N;"310";"2020-12-01 15:42:59";"2020-12-01 16:52:01"
"carstensen";"Messaging-Evaluation";\N;"312";"2020-12-01 15:42:59";"2020-12-01 16:52:01"
"clasen";"JSON-Search";\N;"778";"2020-12-06 11:09:54";"2020-12-06 12:47:03"
"clasen";"JSON-Search";\N;"803";"2020-12-06 11:09:54";"2020-12-06 12:47:03"
"clasen";"JSON-Search";\N;"813";"2020-12-06 11:09:54";"2020-12-06 12:47:03"
"clasen";"Messaging-Evaluation";\N;"822";"2020-12-06 12:47:02";"2020-12-06 13:22:01"
"clasen";"Messaging-Evaluation";\N;"825";"2020-12-06 12:47:02";"2020-12-06 13:22:01"
"clasen";"Messaging-Evaluation";\N;"827";"2020-12-06 12:47:02";"2020-12-06 13:22:01"
"clasen";"Messaging-Evaluation";\N;"831";"2020-12-06 12:47:02";"2020-12-06 13:22:01"
"clasen";"Messaging-Evaluation";\N;"834";"2020-12-06 13:22:00";"2020-12-06 13:39:33"
"clasen";"Messaging-Evaluation";\N;"836";"2020-12-06 13:22:00";"2020-12-06 13:39:33"
"dakowitz";"Big-Data-Stream-Evaluation";\N;"383";"2020-12-03 09:05:08";"2020-12-03 09:54:05"
"dakowitz";"Big-Data-Stream-Evaluation";\N;"385";"2020-12-03 09:05:08";"2020-12-03 09:54:05"
"dakowitz";"Big-Data-Stream-Evaluation";\N;"386";"2020-12-03 09:05:08";"2020-12-03 09:54:05"
"dakowitz";"Conceptual-Design";\N;"387";"2020-12-03 09:54:03";"2020-12-03 10:40:04"
"dakowitz";"Conceptual-Design";\N;"388";"2020-12-03 09:54:03";"2020-12-03 10:40:04"
"dakowitz";"Conceptual-Design";\N;"389";"2020-12-03 09:54:03";"2020-12-03 10:40:04"
"dakowitz";"Middleware-Search";\N;"83";"2020-12-01 08:17:57";"2020-12-01 09:13:13"
"dakowitz";"Middleware-Search";\N;"109";"2020-12-01 08:17:57";"2020-12-01 09:13:13"
"dakowitz";"Middleware-Search";\N;"114";"2020-12-01 08:17:57";"2020-12-01 09:13:13"
"entrup";"Big-Data-Stream-Evaluation";\N;"265";"2020-12-01 13:02:54";"2020-12-01 13:56:17"
"entrup";"Big-Data-Stream-Evaluation";\N;"272";"2020-12-01 13:02:54";"2020-12-01 13:56:17"
"entrup";"Big-Data-Stream-Evaluation";\N;"277";"2020-12-01 13:02:54";"2020-12-01 13:56:17"
"entrup";"Conceptual-Design";\N;"296";"2020-12-01 15:25:22";"2020-12-01 15:52:57"
"entrup";"Conceptual-Design";\N;"301";"2020-12-01 15:25:22";"2020-12-01 15:52:57"
"entrup";"Conceptual-Design";\N;"303";"2020-12-01 15:25:22";"2020-12-01 15:52:57"
"entrup";"JSON-Search";\N;"86";"2020-12-01 08:20:08";"2020-12-01 08:40:48"
"entrup";"JSON-Search";\N;"219";"2020-12-01 12:36:48";"2020-12-01 13:02:55"
"entrup";"JSON-Search";\N;"253";"2020-12-01 12:36:48";"2020-12-01 13:02:55"
"gulsoylu";"Big-Data-Stream-Evaluation";\N;"951";"2020-12-06 19:12:56";"2020-12-06 20:15:39"
"gulsoylu";"Big-Data-Stream-Evaluation";\N;"961";"2020-12-06 19:12:56";"2020-12-06 20:15:39"
"gulsoylu";"Big-Data-Stream-Evaluation";\N;"968";"2020-12-06 19:12:56";"2020-12-06 20:15:39"
"gulsoylu";"Conceptual-Design";\N;"992";"2020-12-06 20:45:13";"2020-12-06 21:40:01"
"gulsoylu";"Conceptual-Design";\N;"995";"2020-12-06 20:45:13";"2020-12-06 21:40:01"
"gulsoylu";"Conceptual-Design";\N;"997";"2020-12-06 20:45:13";"2020-12-06 21:40:01"
"gulsoylu";"Middleware-Search";\N;"982";"2020-12-06 20:15:39";"2020-12-06 20:45:13"
"gulsoylu";"Middleware-Search";\N;"984";"2020-12-06 20:15:39";"2020-12-06 20:45:13"
"gulsoylu";"Middleware-Search";\N;"990";"2020-12-06 20:15:39";"2020-12-06 20:45:13"
"gutierrez";"Conceptual-Design";\N;"119";"2020-12-01 09:32:59";"2020-12-01 09:41:33"
"gutierrez";"Conceptual-Design";\N;"673";"2020-12-05 20:15:12";"2020-12-05 20:21:17"
"gutierrez";"Conceptual-Design";\N;"674";"2020-12-05 20:21:40";"2020-12-05 20:27:09"
"gutierrez";"Conceptual-Design";\N;"676";"2020-12-05 20:27:41";"2020-12-05 20:32:00"
"gutierrez";"JSON-Search";\N;"118";"2020-12-01 09:27:26";"2020-12-01 09:33:01"
"gutierrez";"JSON-Search";\N;"670";"2020-12-05 20:01:16";"2020-12-05 20:06:46"
"gutierrez";"JSON-Search";\N;"671";"2020-12-05 20:07:07";"2020-12-05 20:11:27"
"gutierrez";"JSON-Search";\N;"672";"2020-12-05 20:11:49";"2020-12-05 20:15:12"
"gutierrez";"Messaging-Evaluation";\N;"117";"2020-12-01 09:13:40";"2020-12-01 09:27:28"
"gutierrez";"Messaging-Evaluation";\N;"184";"2020-12-01 12:19:52";"2020-12-01 12:40:37"
"gutierrez";"Messaging-Evaluation";\N;"665";"2020-12-05 19:41:41";"2020-12-05 19:47:09"
"gutierrez";"Messaging-Evaluation";\N;"666";"2020-12-05 19:47:42";"2020-12-05 19:52:00"
"gutierrez";"Messaging-Evaluation";\N;"667";"2020-12-05 19:52:21";"2020-12-05 19:56:15"
"gutierrez";"Messaging-Evaluation";\N;"668";"2020-12-05 19:56:58";"2020-12-05 20:01:17"
"hartig";"Big-Data-Stream-Evaluation";\N;"368";"2020-12-02 17:27:24";"2020-12-02 18:32:55"
"hartig";"Big-Data-Stream-Evaluation";\N;"376";"2020-12-02 17:27:24";"2020-12-02 18:32:55"
"hartig";"Big-Data-Stream-Evaluation";\N;"379";"2020-12-02 17:27:24";"2020-12-02 18:32:55"
"hartig";"Conceptual-Design";\N;"796";"2020-12-06 11:58:15";"2020-12-06 16:28:40"
"hartig";"Conceptual-Design";\N;"826";"2020-12-06 11:58:15";"2020-12-06 16:28:40"
"hartig";"Middleware-Search";\N;"81";"2020-12-01 08:17:53";"2020-12-01 10:43:45"
"hartig";"Middleware-Search";\N;"347";"2020-12-02 16:08:36";"2020-12-02 17:27:24"
"hartig";"Middleware-Search";\N;"359";"2020-12-02 16:08:36";"2020-12-02 17:27:24"
"hasan";"Big-Data-Stream-Evaluation";\N;"61";"2020-11-30 23:27:24";"2020-12-01 00:28:46"
"hasan";"Big-Data-Stream-Evaluation";\N;"62";"2020-11-30 23:27:24";"2020-12-01 00:28:46"
"hasan";"Big-Data-Stream-Evaluation";\N;"63";"2020-11-30 23:27:24";"2020-12-01 00:28:46"
"hasan";"JSON-Search";\N;"164";"2020-12-01 12:10:04";"2020-12-01 14:19:25"
"hasan";"JSON-Search";\N;"208";"2020-12-01 12:10:04";"2020-12-01 14:19:25"
"hasan";"JSON-Search";\N;"246";"2020-12-01 12:10:04";"2020-12-01 14:19:25"
"hasche";"Conceptual-Design";\N;"155";"2020-12-01 12:04:30";"2020-12-01 13:55:56"
"hasche";"Conceptual-Design";\N;"199";"2020-12-01 12:04:30";"2020-12-01 13:55:56"
"hasche";"Conceptual-Design";\N;"275";"2020-12-01 12:04:30";"2020-12-01 13:55:56"
"hasche";"Conceptual-Design";\N;"279";"2020-12-01 12:04:30";"2020-12-01 13:55:56"
"hasche";"JSON-Search";\N;"812";"2020-12-06 12:26:37";"2020-12-06 20:11:30"
"hasche";"JSON-Search";\N;"814";"2020-12-06 12:26:37";"2020-12-06 20:11:30"
"hasche";"JSON-Search";\N;"821";"2020-12-06 12:26:37";"2020-12-06 20:11:30"
"hasche";"Messaging-Evaluation";\N;"754";"2020-12-06 10:04:42";"2020-12-06 10:51:35"
"hasche";"Messaging-Evaluation";\N;"760";"2020-12-06 10:04:42";"2020-12-06 10:51:35"
"hasche";"Messaging-Evaluation";\N;"766";"2020-12-06 10:04:42";"2020-12-06 10:51:35"
"iakimova";"Physical-Design";\N;"940";"2020-12-06 18:44:19";\N
"iakimova";"Physical-Design";\N;"945";"2020-12-06 18:44:19";\N
"iakimova";"Physical-Design";\N;"949";"2020-12-06 18:44:19";\N
"iakimova";"Physical-Design";\N;"962";"2020-12-06 18:44:19";\N
"iakimova";"Big-Data-Stream-Evaluation";\N;"897";"2020-12-06 17:28:18";"2020-12-06 18:44:19"
"iakimova";"Big-Data-Stream-Evaluation";\N;"915";"2020-12-06 17:28:18";"2020-12-06 18:44:19"
"iakimova";"Big-Data-Stream-Evaluation";\N;"922";"2020-12-06 17:28:18";"2020-12-06 18:44:19"
"iakimova";"JSON-Search";\N;"862";"2020-12-06 15:54:08";"2020-12-06 17:28:17"
"iakimova";"JSON-Search";\N;"878";"2020-12-06 15:54:08";"2020-12-06 17:28:17"
"iakimova";"JSON-Search";\N;"888";"2020-12-06 15:54:08";"2020-12-06 17:28:17"
"karabulut";"Conceptual-Design";\N;"606";"2020-12-05 09:23:24";"2020-12-05 09:48:37"
"karabulut";"JSON-Search";\N;"326";"2020-12-01 20:33:26";"2020-12-03 13:26:12"
"karabulut";"JSON-Search";\N;"327";"2020-12-01 20:33:26";"2020-12-03 13:26:12"
"karabulut";"JSON-Search";\N;"328";"2020-12-01 20:33:26";"2020-12-03 13:26:12"
"karabulut";"Messaging-Evaluation";\N;"392";"2020-12-03 13:26:08";"2020-12-03 17:21:32"
"karabulut";"Messaging-Evaluation";\N;"532";"2020-12-04 20:14:03";"2020-12-05 09:23:26"
"karabulut";"Messaging-Evaluation";\N;"537";"2020-12-04 20:14:03";"2020-12-05 09:23:26"
"karabulut";"Messaging-Evaluation";\N;"540";"2020-12-04 20:14:03";"2020-12-05 09:23:26"
"karabulut";"Messaging-Evaluation";\N;"543";"2020-12-04 20:14:03";"2020-12-05 09:23:26"
"koch";"Big-Data-Stream-Evaluation";\N;"187";"2020-12-01 12:20:20";"2020-12-01 13:43:56"
"koch";"Big-Data-Stream-Evaluation";\N;"1013";"2020-12-07 00:03:55";"2020-12-07 00:15:14"
"koch";"Big-Data-Stream-Evaluation";\N;"1014";"2020-12-07 00:03:55";"2020-12-07 00:15:14"
"koch";"Middleware-Search";\N;"1015";"2020-12-07 00:15:14";"2020-12-07 09:14:25"
"koch";"Middleware-Search";\N;"1016";"2020-12-07 00:15:14";"2020-12-07 09:14:25"
"kokaly";"Physical-Design";\N;"142";"2020-12-01 11:52:39";"2020-12-01 15:08:46"
"kokaly";"Physical-Design";\N;"160";"2020-12-01 11:52:39";"2020-12-01 15:08:46"
"kokaly";"Physical-Design";\N;"188";"2020-12-01 11:52:39";"2020-12-01 15:08:46"
"kokaly";"Physical-Design";\N;"206";"2020-12-01 11:52:39";"2020-12-01 15:08:46"
"kokaly";"JSON-Search";\N;"292";"2020-12-01 15:08:45";\N
"kokaly";"JSON-Search";\N;"294";"2020-12-01 15:08:45";\N
"koppers";"Big-Data-Stream-Evaluation";\N;"593";"2020-12-05 04:35:05";"2020-12-06 04:02:02"
"koppers";"Big-Data-Stream-Evaluation";\N;"594";"2020-12-05 04:35:05";"2020-12-06 04:02:02"
"koppers";"Big-Data-Stream-Evaluation";\N;"595";"2020-12-05 04:35:05";"2020-12-06 04:02:02"
"koppers";"Conceptual-Design";\N;"151";"2020-12-01 12:02:14";"2020-12-01 12:39:06"
"koppers";"Conceptual-Design";\N;"588";"2020-12-05 02:29:57";"2020-12-05 04:09:31"
"koppers";"Conceptual-Design";\N;"589";"2020-12-05 02:29:57";"2020-12-05 04:09:31"
"koppers";"JSON-Search";\N;"591";"2020-12-05 04:09:32";"2020-12-05 04:35:04"
"koppers";"JSON-Search";\N;"592";"2020-12-05 04:09:32";"2020-12-05 04:35:04"
"koshil";"Big-Data-Stream-Evaluation";\N;"482";"2020-12-04 12:56:43";"2020-12-04 12:59:09"
"koshil";"Big-Data-Stream-Evaluation";\N;"483";"2020-12-04 12:59:25";"2020-12-04 13:02:38"
"koshil";"Big-Data-Stream-Evaluation";\N;"486";"2020-12-04 13:02:55";"2020-12-04 13:05:57"
"koshil";"Big-Data-Stream-Evaluation";\N;"488";"2020-12-04 13:06:18";"2020-12-04 13:13:24"
"koshil";"Conceptual-Design";\N;"496";"2020-12-04 13:33:57";"2020-12-04 13:35:39"
"koshil";"Conceptual-Design";\N;"497";"2020-12-04 13:36:15";"2020-12-04 13:39:43"
"koshil";"Conceptual-Design";\N;"498";"2020-12-04 13:40:00";\N
"koshil";"Middleware-Search";\N;"489";"2020-12-04 13:13:23";"2020-12-04 13:21:56"
"koshil";"Middleware-Search";\N;"490";"2020-12-04 13:22:12";"2020-12-04 13:25:10"
"koshil";"Middleware-Search";\N;"494";"2020-12-04 13:25:27";"2020-12-04 13:31:49"
"koshil";"JSON-Search";\N;"170";"2020-12-01 12:12:17";"2020-12-01 12:34:47"
"koshil";"JSON-Search";\N;"215";"2020-12-01 12:34:51";\N
"kwasny";"Big-Data-Stream-Evaluation";\N;"319";"2020-12-01 18:53:44";"2020-12-02 08:18:11"
"kwasny";"Big-Data-Stream-Evaluation";\N;"323";"2020-12-01 18:53:44";"2020-12-02 08:18:11"
"kwasny";"Big-Data-Stream-Evaluation";\N;"324";"2020-12-01 18:53:44";"2020-12-02 08:18:11"
"kwasny";"JSON-Search";\N;"132";"2020-12-01 11:31:02";"2020-12-01 18:42:23"
"kwasny";"JSON-Search";\N;"207";"2020-12-01 11:31:02";"2020-12-01 18:42:23"
"kwasny";"JSON-Search";\N;"250";"2020-12-01 11:31:02";"2020-12-01 18:42:23"
"lahann";"Conceptual-Design";\N;"884";"2020-12-06 17:01:10";"2020-12-06 19:28:36"
"lahann";"Conceptual-Design";\N;"891";"2020-12-06 17:01:10";"2020-12-06 19:28:36"
"lahann";"Conceptual-Design";\N;"893";"2020-12-06 17:01:10";"2020-12-06 19:28:36"
"lahann";"Middleware-Search";\N;"877";"2020-12-06 16:37:13";"2020-12-06 17:01:11"
"lahann";"Middleware-Search";\N;"879";"2020-12-06 16:37:13";"2020-12-06 17:01:11"
"lahann";"Middleware-Search";\N;"881";"2020-12-06 16:37:13";"2020-12-06 17:01:11"
"lahann";"Messaging-Evaluation";\N;"185";"2020-12-01 12:19:48";"2020-12-01 16:24:21"
"lahann";"Messaging-Evaluation";\N;"865";"2020-12-06 16:16:34";"2020-12-06 16:37:14"
"lahann";"Messaging-Evaluation";\N;"875";"2020-12-06 16:16:34";"2020-12-06 16:37:14"
"leiss";"Physical-Design";\N;"150";"2020-12-01 11:52:58";"2020-12-01 12:57:13"
"leiss";"Physical-Design";\N;"214";"2020-12-01 11:52:58";"2020-12-01 12:57:13"
"leiss";"Physical-Design";\N;"840";"2020-12-06 13:50:21";\N
"leiss";"Middleware-Search";\N;"856";"2020-12-06 14:59:43";"2020-12-06 17:14:27"
"leiss";"Middleware-Search";\N;"883";"2020-12-06 14:59:43";"2020-12-06 17:14:27"
"leiss";"Middleware-Search";\N;"885";"2020-12-06 14:59:43";"2020-12-06 17:14:27"
"leiss";"Messaging-Evaluation";\N;"890";"2020-12-06 17:15:34";"2020-12-06 17:47:16"
"leiss";"Messaging-Evaluation";\N;"905";"2020-12-06 17:47:27";"2020-12-06 18:34:08"
"leiss";"Messaging-Evaluation";\N;"919";"2020-12-06 17:47:27";"2020-12-06 18:34:08"
"matthias";"JSON-Search";\N;"26";"2020-11-30 15:19:33";"2020-11-30 16:08:03"
"meissner";"Conceptual-Design";\N;"154";"2020-12-01 12:04:31";"2020-12-01 14:44:15"
"meissner";"Conceptual-Design";\N;"191";"2020-12-01 12:04:31";"2020-12-01 14:44:15"
"meissner";"Conceptual-Design";\N;"209";"2020-12-01 12:04:31";"2020-12-01 14:44:15"
"meissner";"JSON-Search";\N;"924";"2020-12-06 18:27:50";"2020-12-06 19:22:55"
"meissner";"JSON-Search";\N;"932";"2020-12-06 18:27:50";"2020-12-06 19:22:55"
"meissner";"JSON-Search";\N;"941";"2020-12-06 18:27:50";"2020-12-06 19:22:55"
"meissner";"JSON-Search";\N;"947";"2020-12-06 18:27:50";"2020-12-06 19:22:55"
"meissner";"JSON-Search";\N;"952";"2020-12-06 18:27:50";"2020-12-06 19:22:55"
"meissner";"JSON-Search";\N;"954";"2020-12-06 18:27:50";"2020-12-06 19:22:55"
"minguez";"Physical-Design";\N;"858";"2020-12-06 15:36:07";"2020-12-06 16:16:21"
"minguez";"Physical-Design";\N;"869";"2020-12-06 16:24:05";"2020-12-06 16:53:10"
"minguez";"Physical-Design";\N;"882";"2020-12-06 16:53:40";"2020-12-06 17:38:12"
"minguez";"Physical-Design";\N;"899";"2020-12-06 17:38:32";"2020-12-06 17:49:10"
"minguez";"JSON-Search";\N;"906";"2020-12-06 17:49:10";"2020-12-06 18:50:01"
"minguez";"JSON-Search";\N;"943";"2020-12-06 18:52:24";"2020-12-06 19:21:05"
"minguez";"JSON-Search";\N;"955";"2020-12-06 19:21:24";"2020-12-06 19:44:28"
"minguez";"Messaging-Evaluation";\N;"967";"2020-12-06 19:44:53";"2020-12-06 20:45:42"
"minguez";"Messaging-Evaluation";\N;"991";"2020-12-06 20:51:05";"2020-12-06 21:25:55"
"minguez";"Messaging-Evaluation";\N;"996";"2020-12-06 21:27:08";"2020-12-06 21:42:49"
"moin";"Physical-Design";\N;"48";"2020-11-30 20:22:32";"2020-11-30 20:40:52"
"moin";"Physical-Design";\N;"50";"2020-11-30 20:22:32";"2020-11-30 20:40:52"
"moin";"Physical-Design";\N;"52";"2020-11-30 20:22:32";"2020-11-30 20:40:52"
"moin";"JSON-Search";\N;"40";"2020-11-30 19:59:16";"2020-11-30 20:22:32"
"moin";"JSON-Search";\N;"42";"2020-11-30 19:59:16";"2020-11-30 20:22:32"
"moin";"JSON-Search";\N;"43";"2020-11-30 19:59:16";"2020-11-30 20:22:32"
"moin";"Messaging-Evaluation";\N;"36";"2020-11-30 19:34:49";"2020-11-30 19:59:17"
"moin";"Messaging-Evaluation";\N;"37";"2020-11-30 19:34:49";"2020-11-30 19:59:17"
"moin";"Messaging-Evaluation";\N;"38";"2020-11-30 19:34:49";"2020-11-30 19:59:17"
"mokri";"Middleware-Search";\N;"440";"2020-12-01 16:05:58";"2020-12-03 22:30:19"
"mokri";"Messaging-Evaluation";\N;"441";"2020-12-03 22:30:18";"2020-12-03 22:36:48"
"mokri";"Messaging-Evaluation";\N;"443";"2020-12-03 23:31:40";"2020-12-03 23:55:48"
"nguyen";"Physical-Design";\N;"904";"2020-12-06 16:32:28";"2020-12-06 20:11:27"
"nguyen";"Physical-Design";\N;"917";"2020-12-06 16:32:28";"2020-12-06 20:11:27"
"nguyen";"Physical-Design";\N;"970";"2020-12-06 16:32:28";"2020-12-06 20:11:27"
"nguyen";"Physical-Design";\N;"973";"2020-12-06 16:32:28";"2020-12-06 20:11:27"
"nguyen";"Physical-Design";\N;"977";"2020-12-06 16:32:28";"2020-12-06 20:11:27"
"nguyen";"Middleware-Search";\N;"861";"2020-12-05 22:21:43";"2020-12-06 16:32:27"
"nguyen";"Middleware-Search";\N;"874";"2020-12-05 22:21:43";"2020-12-06 16:32:27"
"nguyen";"Messaging-Evaluation";\N;"981";"2020-12-06 20:11:28";"2020-12-06 20:28:14"
"nguyen";"Messaging-Evaluation";\N;"985";"2020-12-06 20:11:28";"2020-12-06 20:28:14"
"paketharan";"Physical-Design";\N;"477";"2020-12-04 12:47:34";"2020-12-04 13:16:40"
"paketharan";"Physical-Design";\N;"487";"2020-12-04 12:47:34";"2020-12-04 13:16:40"
"paketharan";"Physical-Design";\N;"520";"2020-12-04 17:56:22";"2020-12-04 18:02:38"
"paketharan";"Big-Data-Stream-Evaluation";\N;"453";"2020-12-04 10:20:56";"2020-12-04 10:57:01"
"paketharan";"Big-Data-Stream-Evaluation";\N;"468";"2020-12-04 10:20:56";"2020-12-04 10:57:01"
"paketharan";"Big-Data-Stream-Evaluation";\N;"475";"2020-12-04 11:39:02";"2020-12-04 12:47:33"
"paketharan";"JSON-Search";\N;"74";"2020-12-01 08:15:56";"2020-12-01 08:40:01"
"paketharan";"JSON-Search";\N;"448";"2020-12-04 09:27:50";"2020-12-04 10:20:58"
"paketharan";"JSON-Search";\N;"451";"2020-12-04 09:27:50";"2020-12-04 10:20:58"
"raykhlin";"Physical-Design";\N;"149";"2020-12-01 11:58:46";"2020-12-01 13:18:29"
"raykhlin";"Physical-Design";\N;"232";"2020-12-01 11:58:46";"2020-12-01 13:18:29"
"raykhlin";"Physical-Design";\N;"263";"2020-12-01 11:58:46";"2020-12-01 13:18:29"
"raykhlin";"JSON-Search";\N;"630";"2020-12-05 18:28:55";"2020-12-05 19:21:39"
"raykhlin";"JSON-Search";\N;"642";"2020-12-05 18:28:55";"2020-12-05 19:21:39"
"raykhlin";"JSON-Search";\N;"654";"2020-12-05 18:28:55";"2020-12-05 19:21:39"
"raykhlin";"Messaging-Evaluation";\N;"623";"2020-12-05 17:42:29";"2020-12-05 18:29:03"
"raykhlin";"Messaging-Evaluation";\N;"626";"2020-12-05 17:42:29";"2020-12-05 18:29:03"
"raykhlin";"Messaging-Evaluation";\N;"628";"2020-12-05 17:42:29";"2020-12-05 18:29:03"
"richter";"Physical-Design";\N;"124";"2020-12-01 10:13:54";"2020-12-01 10:41:44"
"richter";"Physical-Design";\N;"125";"2020-12-01 10:13:54";"2020-12-01 10:41:44"
"richter";"Physical-Design";\N;"127";"2020-12-01 10:13:54";"2020-12-01 10:41:44"
"richter";"Big-Data-Stream-Evaluation";\N;"121";"2020-12-01 09:38:55";"2020-12-01 10:13:58"
"richter";"Big-Data-Stream-Evaluation";\N;"122";"2020-12-01 09:38:55";"2020-12-01 10:13:58"
"richter";"Big-Data-Stream-Evaluation";\N;"123";"2020-12-01 09:38:55";"2020-12-01 10:13:58"
"richter";"Middleware-Search";\N;"68";"2020-12-01 07:41:14";"2020-12-01 09:39:00"
"richter";"Middleware-Search";\N;"99";"2020-12-01 07:41:14";"2020-12-01 09:39:00"
"richter";"Middleware-Search";\N;"111";"2020-12-01 07:41:14";"2020-12-01 09:39:00"
"robles";"Physical-Design";\N;"835";"2020-12-06 13:25:42";"2020-12-06 16:48:33"
"robles";"Physical-Design";\N;"880";"2020-12-06 16:48:56";"2020-12-06 17:33:32"
"robles";"Physical-Design";\N;"895";"2020-12-06 17:33:56";"2020-12-06 18:03:33"
"robles";"Physical-Design";\N;"912";"2020-12-06 18:04:41";"2020-12-06 18:24:35"
"robles";"JSON-Search";\N;"965";"2020-12-06 19:35:17";"2020-12-06 19:56:36"
"robles";"JSON-Search";\N;"972";"2020-12-06 19:56:56";"2020-12-06 20:54:11"
"robles";"JSON-Search";\N;"993";"2020-12-06 20:59:58";"2020-12-06 21:17:43"
"robles";"JSON-Search";\N;"994";"2020-12-06 21:18:11";"2020-12-06 21:22:10"
"robles";"Messaging-Evaluation";\N;"1003";"2020-12-06 22:10:55";"2020-12-06 22:20:20"
"robles";"Messaging-Evaluation";\N;"1007";"2020-12-06 22:26:11";"2020-12-06 22:33:20"
"robles";"Messaging-Evaluation";\N;"1010";"2020-12-06 22:35:02";"2020-12-06 22:44:51"
"rueda";"Conceptual-Design";\N;"730";"2020-12-06 06:49:28";"2020-12-06 07:06:41"
"rueda";"Conceptual-Design";\N;"735";"2020-12-06 07:07:13";"2020-12-06 07:14:49"
"rueda";"Conceptual-Design";\N;"736";"2020-12-06 07:15:12";"2020-12-06 07:23:44"
"rueda";"JSON-Search";\N;"708";"2020-12-06 04:53:07";"2020-12-06 05:19:01"
"rueda";"JSON-Search";\N;"716";"2020-12-06 05:19:27";"2020-12-06 05:31:34"
"rueda";"JSON-Search";\N;"719";"2020-12-06 05:36:00";"2020-12-06 05:48:31"
"rueda";"Messaging-Evaluation";\N;"722";"2020-12-06 05:48:30";"2020-12-06 06:00:47"
"rueda";"Messaging-Evaluation";\N;"728";"2020-12-06 06:01:14";"2020-12-06 06:15:50"
"rueda";"Messaging-Evaluation";\N;"729";"2020-12-06 06:16:24";\N
"sanchez";"Physical-Design";\N;"695";"2020-12-05 23:05:45";"2020-12-05 23:28:23"
"sanchez";"Physical-Design";\N;"696";"2020-12-05 23:28:43";"2020-12-05 23:45:54"
"sanchez";"Physical-Design";\N;"697";"2020-12-05 23:46:17";"2020-12-05 23:50:11"
"sanchez";"Middleware-Search";\N;"678";"2020-12-05 20:58:31";"2020-12-05 21:50:24"
"sanchez";"Middleware-Search";\N;"681";"2020-12-05 21:50:43";"2020-12-05 21:59:46"
"sanchez";"Middleware-Search";\N;"690";"2020-12-05 22:31:41";"2020-12-05 23:02:38"
"sanchez";"Middleware-Search";\N;"694";"2020-12-05 23:02:55";"2020-12-05 23:05:46"
"sanchez";"Messaging-Evaluation";\N;"193";"2020-12-01 12:23:28";\N
"sanchez";"Messaging-Evaluation";\N;"669";"2020-12-05 19:59:18";"2020-12-05 20:22:04"
"sanchez";"Messaging-Evaluation";\N;"675";"2020-12-05 20:23:24";"2020-12-05 20:37:01"
"sanchez";"Messaging-Evaluation";\N;"677";"2020-12-05 20:37:22";"2020-12-05 20:58:32"
"schneider";"Physical-Design";\N;"159";"2020-12-01 12:08:19";"2020-12-01 13:24:31"
"schneider";"Physical-Design";\N;"255";"2020-12-01 12:08:19";"2020-12-01 13:24:31"
"schneider";"Physical-Design";\N;"267";"2020-12-01 12:08:19";"2020-12-01 13:24:31"
"schneider";"Physical-Design";\N;"311";"2020-12-01 16:37:57";"2020-12-01 16:54:26"
"schneider";"Big-Data-Stream-Evaluation";\N;"339";"2020-12-02 14:51:11";"2020-12-02 17:08:13"
"schneider";"Big-Data-Stream-Evaluation";\N;"340";"2020-12-02 14:51:11";"2020-12-02 17:08:13"
"schneider";"Big-Data-Stream-Evaluation";\N;"352";"2020-12-02 14:51:11";"2020-12-02 17:08:13"
"schneider";"Big-Data-Stream-Evaluation";\N;"358";"2020-12-02 14:51:11";"2020-12-02 17:08:13"
"schneider";"Middleware-Search";\N;"298";"2020-12-01 15:35:39";"2020-12-01 16:37:58"
"schneider";"Middleware-Search";\N;"304";"2020-12-01 15:35:39";"2020-12-01 16:37:58"
"schneider";"Middleware-Search";\N;"306";"2020-12-01 15:35:39";"2020-12-01 16:37:58"
"schneider";"Middleware-Search";\N;"309";"2020-12-01 15:35:39";"2020-12-01 16:37:58"
"schroeder";"Middleware-Search";\N;"157";"2020-12-01 12:07:30";"2020-12-01 14:11:58"
"schroeder";"Middleware-Search";\N;"226";"2020-12-01 12:07:30";"2020-12-01 14:11:58"
"schroeder";"Middleware-Search";\N;"251";"2020-12-01 12:07:30";"2020-12-01 14:11:58"
"schroeder";"Messaging-Evaluation";\N;"517";"2020-12-01 14:11:57";\N
"schroeder";"Messaging-Evaluation";\N;"521";"2020-12-01 14:11:57";\N
"schroeder";"Messaging-Evaluation";\N;"528";"2020-12-01 14:11:57";\N
"schroeder";"Messaging-Evaluation";\N;"617";"2020-12-01 14:11:57";\N
"schroeder";"Messaging-Evaluation";\N;"620";"2020-12-01 14:11:57";\N
"schroeder";"Messaging-Evaluation";\N;"621";"2020-12-01 14:11:57";\N
"soentgen";"Conceptual-Design";\N;"531";"2020-12-04 19:56:16";"2020-12-04 20:36:17"
"soentgen";"Conceptual-Design";\N;"534";"2020-12-04 19:56:16";"2020-12-04 20:36:17"
"soentgen";"Conceptual-Design";\N;"536";"2020-12-04 19:56:16";"2020-12-04 20:36:17"
"soentgen";"Middleware-Search";\N;"557";"2020-12-04 22:01:44";"2020-12-04 22:42:29"
"soentgen";"Middleware-Search";\N;"561";"2020-12-04 22:01:44";"2020-12-04 22:42:29"
"soentgen";"Middleware-Search";\N;"573";"2020-12-04 22:01:44";"2020-12-04 22:42:29"
"soentgen";"Messaging-Evaluation";\N;"542";"2020-12-04 20:36:18";"2020-12-04 22:01:44"
"soentgen";"Messaging-Evaluation";\N;"546";"2020-12-04 20:36:18";"2020-12-04 22:01:44"
"soentgen";"Messaging-Evaluation";\N;"549";"2020-12-04 20:36:18";"2020-12-04 22:01:44"
"stg";"Middleware-Search";\N;"1026";"2020-12-07 18:13:39";"2020-12-07 20:35:02"
"stg";"Middleware-Search";\N;"1029";"2020-12-07 18:13:39";"2020-12-07 20:35:02"
"stg";"Middleware-Search";\N;"1030";"2020-12-07 18:13:39";"2020-12-07 20:35:02"
"stg";"JSON-Search";\N;"700";"2020-12-06 04:16:59";"2020-12-06 05:51:54"
"stg";"JSON-Search";\N;"711";"2020-12-06 04:16:59";"2020-12-06 05:51:54"
"stg";"JSON-Search";\N;"712";"2020-12-06 04:16:59";"2020-12-06 05:51:54"
"stg";"Messaging-Evaluation";\N;"1033";"2020-12-08 04:39:28";"2020-12-08 05:40:18"
"stg";"Messaging-Evaluation";\N;"1036";"2020-12-08 04:39:28";"2020-12-08 05:40:18"
"stg";"Messaging-Evaluation";\N;"1037";"2020-12-08 04:39:28";"2020-12-08 05:40:18"
"ton";"Middleware-Search";\N;"76";"2020-12-01 08:16:45";"2020-12-01 08:40:23"
"ton";"Middleware-Search";\N;"112";"2020-12-01 08:55:02";"2020-12-01 09:08:01"
"ton";"Middleware-Search";\N;"384";"2020-12-03 09:05:51";"2020-12-03 09:15:50"
"ton";"Messaging-Evaluation";\N;"839";"2020-12-06 13:40:19";\N
"trivedi";"Conceptual-Design";\N;"698";"2020-12-06 03:37:43";"2020-12-06 09:01:52"
"trivedi";"Conceptual-Design";\N;"715";"2020-12-06 03:37:43";"2020-12-06 09:01:52"
"trivedi";"Conceptual-Design";\N;"747";"2020-12-06 03:37:43";"2020-12-06 09:01:52"
"trivedi";"JSON-Search";\N;"749";"2020-12-06 09:01:52";"2020-12-06 11:05:57"
"trivedi";"JSON-Search";\N;"802";"2020-12-06 12:11:55";"2020-12-06 12:43:32"
"trivedi";"Messaging-Evaluation";\N;"832";"2020-12-06 12:43:32";"2020-12-06 13:30:01"
"user1";"JSON-Search";\N;"23";"2020-11-30 12:55:56";"2020-11-30 13:01:29"
"user1";"Messaging-Evaluation";\N;"22";"2020-11-30 12:54:31";"2020-11-30 12:56:24"
"usmanova";"Physical-Design";\N;"596";"2020-12-05 07:50:27";"2020-12-05 08:04:23"
"usmanova";"Physical-Design";\N;"601";"2020-12-05 08:48:45";"2020-12-05 08:58:17"
"usmanova";"Physical-Design";\N;"605";"2020-12-05 09:07:38";"2020-12-05 09:25:14"
"usmanova";"Big-Data-Stream-Evaluation";\N;"166";"2020-12-01 12:10:45";"2020-12-01 12:37:21"
"usmanova";"Big-Data-Stream-Evaluation";\N;"227";"2020-12-01 12:37:51";"2020-12-01 12:53:08"
"usmanova";"Big-Data-Stream-Evaluation";\N;"254";"2020-12-01 12:53:29";"2020-12-01 13:01:44"
"usmanova";"Big-Data-Stream-Evaluation";\N;"262";"2020-12-01 13:02:14";"2020-12-01 13:14:45"
"usmanova";"Big-Data-Stream-Evaluation";\N;"268";"2020-12-01 13:15:06";"2020-12-01 13:29:45"
"usmanova";"Big-Data-Stream-Evaluation";\N;"273";"2020-12-01 13:30:08";"2020-12-01 13:40:11"
"usmanova";"JSON-Search";\N;"445";"2020-12-04 08:28:16";"2020-12-04 08:38:53"
"usmanova";"JSON-Search";\N;"446";"2020-12-04 08:39:19";"2020-12-04 08:54:30"
"usmanova";"JSON-Search";\N;"447";"2020-12-04 08:54:50";"2020-12-04 09:08:55"
"wicker";"Big-Data-Stream-Evaluation";\N;"918";"2020-12-06 18:12:23";"2020-12-06 18:48:40"
"wicker";"Big-Data-Stream-Evaluation";\N;"923";"2020-12-06 18:12:23";"2020-12-06 18:48:40"
"wicker";"Big-Data-Stream-Evaluation";\N;"931";"2020-12-06 18:12:23";"2020-12-06 18:48:40"
"wicker";"Conceptual-Design";\N;"958";"2020-12-06 18:48:37";"2020-12-06 20:21:21"
"wicker";"Conceptual-Design";\N;"971";"2020-12-06 18:48:37";"2020-12-06 20:21:21"
"wicker";"Conceptual-Design";\N;"983";"2020-12-06 18:48:37";"2020-12-06 20:21:21"
"wicker";"JSON-Search";\N;"67";"2020-12-01 07:43:54";"2020-12-01 08:43:59"
"wicker";"JSON-Search";\N;"80";"2020-12-01 07:43:54";"2020-12-01 08:43:59"
"wicker";"JSON-Search";\N;"100";"2020-12-01 07:43:54";"2020-12-01 08:43:59"
"wiesendanger";"Physical-Design";\N;"161";"2020-12-01 12:09:13";\N
"wiesendanger";"Physical-Design";\N;"178";"2020-12-01 12:09:13";\N
"wiesendanger";"Physical-Design";\N;"202";"2020-12-01 12:09:13";\N
"wiesendanger";"Physical-Design";\N;"229";"2020-12-01 12:09:13";\N
"wiesendanger";"JSON-Search";\N;"393";"2020-12-03 13:29:13";"2020-12-03 16:29:23"
"wiesendanger";"JSON-Search";\N;"397";"2020-12-03 13:29:13";"2020-12-03 16:29:23"
"wiesendanger";"JSON-Search";\N;"399";"2020-12-03 13:29:13";"2020-12-03 16:29:23"
"wiesendanger";"JSON-Search";\N;"402";"2020-12-03 13:29:13";"2020-12-03 16:29:23"
"wiesendanger";"JSON-Search";\N;"404";"2020-12-03 13:29:13";"2020-12-03 16:29:23"
"wiesendanger";"JSON-Search";\N;"409";"2020-12-03 13:29:13";"2020-12-03 16:29:23"
"wiesendanger";"JSON-Search";\N;"412";"2020-12-03 13:29:13";"2020-12-03 16:29:23"
"wiesendanger";"JSON-Search";\N;"413";"2020-12-03 13:29:13";"2020-12-03 16:29:23"
"wiesendanger";"JSON-Search";\N;"414";"2020-12-03 13:29:13";"2020-12-03 16:29:23"
"windler";"Physical-Design";\N;"1006";"2020-12-06 22:20:38";"2020-12-06 22:44:49"
"windler";"Physical-Design";\N;"1009";"2020-12-06 22:20:38";"2020-12-06 22:44:49"
"windler";"JSON-Search";\N;"79";"2020-12-01 08:07:28";"2020-12-06 21:57:41"
"windler";"JSON-Search";\N;"998";"2020-12-01 08:07:28";"2020-12-06 21:57:41"
"windler";"JSON-Search";\N;"999";"2020-12-01 08:07:28";"2020-12-06 21:57:41"
"windler";"Messaging-Evaluation";\N;"1001";"2020-12-06 21:57:42";"2020-12-06 22:20:38"
"windler";"Messaging-Evaluation";\N;"1002";"2020-12-06 21:57:42";"2020-12-06 22:20:38"
"windler";"Messaging-Evaluation";\N;"1004";"2020-12-06 21:57:42";"2020-12-06 22:20:38"
"zabiensky";"Conceptual-Design";\N;"613";"2020-12-05 12:48:22";"2020-12-05 13:57:03"
"zabiensky";"Conceptual-Design";\N;"614";"2020-12-05 12:48:22";"2020-12-05 13:57:03"
"zabiensky";"Conceptual-Design";\N;"615";"2020-12-05 12:48:22";"2020-12-05 13:57:03"
"zabiensky";"JSON-Search";\N;"426";"2020-12-03 16:55:22";"2020-12-03 17:35:38"
"zabiensky";"JSON-Search";\N;"427";"2020-12-03 16:55:22";"2020-12-03 17:35:38"
"zabiensky";"JSON-Search";\N;"431";"2020-12-03 16:55:22";"2020-12-03 17:35:38"
"zabiensky";"Messaging-Evaluation";\N;"432";"2020-12-03 17:35:30";"2020-12-05 12:48:32"
"zabiensky";"Messaging-Evaluation";\N;"433";"2020-12-03 17:35:30";"2020-12-05 12:48:32"
"zabiensky";"Messaging-Evaluation";\N;"434";"2020-12-03 17:35:30";"2020-12-05 12:48:32"
"zapatka";"Big-Data-Stream-Evaluation";\N;"381";"2020-12-03 07:57:05";"2020-12-03 09:46:54"
"zapatka";"Big-Data-Stream-Evaluation";\N;"382";"2020-12-03 07:57:05";"2020-12-03 09:46:54"
"zapatka";"Big-Data-Stream-Evaluation";\N;"390";"2020-12-03 12:29:59";"2020-12-03 12:46:18"
"zapatka";"Conceptual-Design";\N;"148";"2020-12-01 11:57:58";"2020-12-01 13:11:08"
"zapatka";"Conceptual-Design";\N;"221";"2020-12-01 11:57:58";"2020-12-01 13:11:08"
"zapatka";"Conceptual-Design";\N;"256";"2020-12-01 11:57:58";"2020-12-01 13:11:08"
"zapatka";"Middleware-Search";\N;"345";"2020-12-02 15:32:08";"2020-12-02 17:48:25"
"zapatka";"Middleware-Search";\N;"346";"2020-12-02 15:32:08";"2020-12-02 17:48:25"
"zapatka";"Middleware-Search";\N;"348";"2020-12-02 15:32:08";"2020-12-02 17:48:25"
"zimmermann";"Big-Data-Stream-Evaluation";\N;"481";"2020-12-04 12:54:46";"2020-12-04 14:04:26"
"zimmermann";"Big-Data-Stream-Evaluation";\N;"493";"2020-12-04 12:54:46";"2020-12-04 14:04:26"
"zimmermann";"Big-Data-Stream-Evaluation";\N;"507";"2020-12-04 12:54:46";"2020-12-04 14:04:26"
"zimmermann";"Conceptual-Design";\N;"169";"2020-12-01 12:13:39";"2020-12-01 13:27:05"
"zimmermann";"Conceptual-Design";\N;"235";"2020-12-01 12:13:39";"2020-12-01 13:27:05"
"zimmermann";"Conceptual-Design";\N;"261";"2020-12-01 12:13:39";"2020-12-01 13:27:05"
"zimmermann";"Middleware-Search";\N;"456";"2020-12-04 10:29:20";"2020-12-04 12:54:46"
"zimmermann";"Middleware-Search";\N;"471";"2020-12-04 10:29:20";"2020-12-04 12:54:46"
"zimmermann";"Middleware-Search";\N;"472";"2020-12-04 10:29:20";"2020-12-04 12:54:46"
